<?xml version="1.0" encoding="utf-8" standalone="yes" ?>
<?xml-stylesheet type="text/xsl" href="modx.prosilver.en.xsl"?>
<!--For security purposes, please check: http
://www.phpbb.com/mods/ for the latest version of this MOD. Although MODs are checked before being allowed in the MODs Database there is no guarantee that there are no security problems within the MOD. No support will be given for MODs not found within the MODs Database which can be found at http://www.phpbb.com/mods/-->
<mod xmlns:xsi="http://www.w3.org/2001/XMLSchema-instance" xmlns="http://www.phpbb.com/mods/xml/modx-1.2.5.xsd">
	<header>
		<license>http://opensource.org/licenses/gpl-license.php GNU General Public License v2</license>

		<title lang="en">Invite A Friend</title>
		<description lang="en">Updating Invite A Friend from 0.6.0 to 0.6.1.</description>
		<author-notes lang="en">For further information and bug reports please visit <![CDATA[http://www.phpbb.com/community/viewtopic.php?f=70&t=1224005]]></author-notes>

		<author-group>
			<author>
				<realname>J. Jacoby</realname>
				<email>bycoja@web.de</email>
				<username>Bycoja</username>
				<homepage>http://bycoja.bplaced.net</homepage>
				<contributions-group>
					<contributions status="current" position="Developer" />
				</contributions-group>		
			</author>
		</author-group>

		<mod-version>0.6.1</mod-version>

		<installation>
			<level>intermediate</level>
			<time>1200</time>
			<target-version>3.0.7-PL1</target-version>
		</installation>

		<history>
			<entry>
				<date>2010-04-19</date>
				<rev-version>0.6.1 [Beta]</rev-version>
				<changelog lang="en">
					<change>[Added] MOD version check support</change>
					<change>[Added] Turkish translation (thanks to muiketi)</change>
					<change>[Added] Possibility to transfer existing data from 0.5.4 and previous versions and make them work with new releases</change>
					<change>[Fixed] Statistics while viewing group pages</change>
					<change>[Fixed] Disable the invitation class correctly while installing</change>
					<change>[Fixed] Unnecessary include of AutoMOD files in the installation file</change>
					<change>[Fixed] Memberlist colspan</change>
					<change>[Fixed] Correct handling when changing the language while registering</change>
					<change>[Fixed] SQL error when adding new bots</change>
					<change>[Fixed] Missing language var</change>
					<change>[Fixed] Mistakes in modx files</change>
				</changelog>
			</entry>
			<entry>
				<date>2010-04-02</date>
				<rev-version>0.6.0 [Beta]</rev-version>
				<changelog lang="en">
					<change>[Added] Advanced profile statistics (percent of total invitations, etc.)</change>
					<change>[Added] Search for specific actions within the invitation log</change>
					<change>[Added] Display statistics in memberlist</change>
					<change>[Added] Search for members by invitation related criteria</change>
					<change>[Added] Log administrator actions for the invitation log</change>
					<change>[Added] Advanced limitation options</change>
					<change>[Added] Invitation mail priority settings</change>
					<change>[Added] Advanced invitation language settings</change>
					<change>[Added] Templates module in the ACP</change>
					<change>[Added] Templates for subjects</change>
					<change>[Added] List of possible wildcards in templates</change>
					<change>[Added] Turkish translation (thanks to muiketi)</change>
					<change>[Added] AutoMOD support</change>
					<change>[Added] Unified MOD Install Library (UMIL) support</change>
					<change>[Changed] List of invited users in profile has been removed as you can search for members now</change>
					<change>[Improved] Translations for better understanding</change>
					<change>[Improved] Show queue time in the related error message</change>
					<change>[Improved] Show invitation limit in the related error message</change>
					<change>[Improved] Invitation form looks more appealing now</change>
					<change>[Improved] Database queries to increase performance</change>
					<change>[Fixed] Encode usernames in the registration url</change>
					<change>[Fixed] Disable the whole modification will actually disable it now</change>
					<change>[Fixed] Identify users-to-be related to invitations by e-mail-addresses</change>
					<change>[Fixed] Search for specific username in the invitation log</change>
					<change>[Fixed] Mutated vowels in e-mails</change>
					<change>[Fixed] Display an error if the invitation could not be sent</change>
				</changelog>
			</entry>
			<entry>
				<date>2009-11-28</date>
				<rev-version>0.5.4 [Beta]</rev-version>
				<changelog lang="en">
					<change>[Added] Usage of cookies</change>
					<change>[Added] Profile field: "Invited by"</change>
					<change>[Added] Autohide key input field</change>
					<change>[Added] Extended group options</change>
					<change>[Fixed] User in the same group twice</change>
				</changelog>
			</entry>
			<entry>
				<date>2009-11-24</date>
				<rev-version>0.5.3 [Beta]</rev-version>
				<changelog lang="en">
					<change>[Added] Ultimate Points support</change>
					<change>[Added] Identify invited users by e-mail address</change>
					<change>[Added] Several checks for unexpected cases</change>
					<change>[Changed] Improved key generation</change>
					<change>[Changed] Code cleanup</change>
					<change>[Changed] MOD description</change>
					<change>[Fixed] Broken CAPTCHAs</change>
					<change>[Fixed] Template system</change>
				</changelog>
			</entry>
			<entry>
				<date>2009-05-20</date>
				<rev-version>0.5.2 [Beta]</rev-version>
				<changelog lang="en">
					<change>[Added] Add users, who enter a registration key, to the selected group</change>
					<change>[Changed] Create registration keys (even if keys are disabled) to identify friends</change>
					<change>[Changed] Removed constant 'REGISTER_KEY_DISABLED'</change>
					<change>[Fixed] Report #020: Messenger vars not parsed in PM</change>
					<change>[Fixed] Report #019: Missing language vars</change>
					<change>[Fixed] Report #018: E-mail already taken</change>
					<change>[Fixed] Report #016: CAPTCHA</change>
					<change>[Fixed] Report #016: function install(), messages</change>
					<change>[Fixed] Report #015: function install(), permissions</change>
				</changelog>
			</entry>
			<entry>
				<date>2009-04-12</date>
				<rev-version>0.5.1 [Beta]</rev-version>
				<changelog lang="en">
					<change>[Added] Account activation</change>
					<change>[Added] Limitation: Topics</change>
					<change>[Added] Automatically create sql tables, install permissions, ...</change>
					<change>[Added] Automatically add messages referring to installed languages</change>
					<change>[Fixed] Report #013: COPPA Bug</change>
				</changelog>
			</entry>
			<entry>
				<date>2009-04-08</date>
				<rev-version>0.5.0 [Beta]</rev-version>
				<changelog lang="en">
					<change>[Added] Compatibility with 'Advanced Points System'</change>
					<change>[Added] Many options (CAPTCHA, Limitation, ..)</change>
					<change>[Improved] Rewrote some code</change>
				</changelog>
			</entry>
			<entry>
				<date>2008-10-10</date>
				<rev-version>0.2.2 [Beta]</rev-version>
				<changelog lang="en">
					<change>[Added] Compatibility with 'Cash Mod'</change>
					<change>[Added] Highly improved log</change>
					<change>[Added] UCP Module</change>
					<change>[Fixed] Report #009: [phpBB Debug] Undefined variable: new_user_row</change>
					<change>[Fixed] Report #008: [phpBB Debug] Undefined variable: invitation_data</change>
				</changelog>
			</entry>
			<entry>
				<date>2008-10-06</date>
				<rev-version>0.2.1 [Beta]</rev-version>
				<changelog lang="en">
					<change>[Added] Optional registration-key</change>
					<change>[Added] Prohibit multiple registrations</change>
					<change>[Fixed] Report #007: Empty {USERNAME}</change>
					<change>[Fixed] Report #006: Missing var</change>
				</changelog>
			</entry>
			<entry>
				<date>2008-10-05</date>
				<rev-version>0.2.0 [Beta]</rev-version>
				<changelog lang="en">
					<change>[Added] Confirmation e-mail</change>
					<change>[Added] New settings</change>
					<change>[Added] Log</change>
					<change>[Fixed] Report #005: Invite yourself</change>
					<change>[Fixed] Report #004: phpBB Debug</change>
					<change>[Fixed] Report #003: ACP: Edit Mail</change>
					<change>[Fixed] Report #002: 'Invite a friend' shown in navigation</change>
					<change>[Fixed] Report #001: Registration-keys</change>
				</changelog>
			</entry>
		</history>

		<link-group>
			<link type="language" href="languages/de.xml" lang="en">German Language</link>
			<link type="language" href="languages/tr.xml" lang="en">Turkish Language</link>
			<link type="template" href="templates/subsilver2.xml" lang="en">Subsilver2</link>
			<link type="parent" href="../../../install.xml" lang="en">install.xml</link>
		</link-group>
	</header>

	<action-group>
		<copy>
			<file from="root/includes/functions_invite.php" to="includes/functions_invite.php" />
			<file from="root/includes/acp/info/acp_invite.php" to="includes/acp/info/acp_invite.php" />
			<file from="root/includes/acp/acp_invite.php" to="includes/acp/acp_invite.php" />
			<file from="root/includes/ucp/info/ucp_invite.php" to="includes/ucp/info/ucp_invite.php" />
			<file from="root/includes/ucp/ucp_invite.php" to="includes/ucp/ucp_invite.php" />
			<file from="root/adm/mods/invite_check_version.php" to="adm/mods/invite_check_version.php" />
			<file from="root/adm/style/acp_invite.html" to="adm/style/acp_invite.html" />
			<file from="root/adm/style/acp_invite_log.html" to="adm/style/acp_invite_log.html" />
			<file from="root/adm/style/acp_invite_templates.html" to="adm/style/acp_invite_templates.html" />
			<file from="root/styles/prosilver/template/ucp_invite_invite.html" to="styles/prosilver/template/ucp_invite_invite.html" />
			<file from="root/language/en/mods/info_acp_invite.php" to="language/en/mods/info_acp_invite.php" />
			<file from="root/language/en/mods/info_ucp_invite.php" to="language/en/mods/info_ucp_invite.php" />
			<file from="root/language/en/email/confirm_subject.txt" to="language/en/email/confirm_subject.txt" />
			<file from="root/language/en/email/confirm_message.txt" to="language/en/email/confirm_message.txt" />
			<file from="root/language/en/email/invite_subject.txt" to="language/en/email/invite_subject.txt" />
			<file from="root/language/en/email/invite_message.txt" to="language/en/email/invite_message.txt" />
			<file from="root/install/invitation.php" to="install/invitation.php" />
			<file from="root/umil/*.*" to="umil/*.*" />
		</copy>

		<open src="memberlist.php">
			<edit>
				<find><![CDATA[		// Calculating colspans in php files is not cricket at all and I have to find a better solution... 
		$table_colspan = array('prosilver', 'subsilver2');
		$prosilver = ($auth->acl_get('u_viewonline')) ? 5 : 4;
		$subsilver2 = (($form && $field) ? true : false) ? 9 : 8;

		foreach ($table_colspan as $k => $v)
		{
			$increase = ($k == 'prosilver') ? $prosilver : $subsilver2;
			$increase+= ($invitation->config['display_m_inviter']) ? 1 : 0;
			$increase+= ($invitation->config['display_m_invite']) ? 1 : 0;
			$increase+= ($invitation->config['display_m_register']) ? 1 : 0;

			if ($k == 'prosilver')
			{
				$prosilver = $increase;
			}
			else
			{
				$subsilver2 = $increase;
			}
		}

		$template->assign_vars(array(
			'S_TABLE_COLSPAN'			=> $prosilver,
			'S_TABLE_COLSPAN_SUBSILVER'	=> $subsilver2,]]></find>
				<action type="replace-with"><![CDATA[		$template->assign_vars(array(]]></action>
			</edit>
		</open>

		<open src="includes/ucp/ucp_register.php">
			<edit>
				<remove><![CDATA[		include($phpbb_root_path . 'includes/functions_invite.' . $phpEx);
		$user->add_lang('mods/info_ucp_invite');

		$invite			= new invite();
		$register_key	= request_var('key', '', true);

		if ($invite->config['set_cookie'] && $invite->valid_key($register_key))
		{
			$invite->set_cookie($register_key);
		}
		$cookie_key		= (isset($_COOKIE[$config['cookie_name'] . '_reg_key'])) ? $_COOKIE[$config['cookie_name'] . '_reg_key'] : '';
		$register_key 	= (!$invite->config['enable_key']) ? '' : ((!empty($cookie_key)) ? $cookie_key : $register_key);
		$url_key 		= (!empty($register_key)) ? "&amp;key={$register_key}" : '';]]></remove>
			</edit>
			<edit>
				<find><![CDATA[				$user_lang = $user->lang_name;
			}
		}]]></find>
				<action type="after-add"><![CDATA[		if (!class_exists('invite'))
		{
			include($phpbb_root_path . 'includes/functions_invite.' . $phpEx);
		}
		$user->add_lang('mods/info_ucp_invite');

		$invite			= new invite();
		$register_key	= request_var('key', '', true);

		if ($invite->config['set_cookie'] && $invite->valid_key($register_key))
		{
			$invite->set_cookie($register_key);
		}
		$cookie_key		= (isset($_COOKIE[$config['cookie_name'] . '_reg_key'])) ? $_COOKIE[$config['cookie_name'] . '_reg_key'] : '';
		$register_key 	= (!$invite->config['enable_key']) ? '' : ((!empty($cookie_key)) ? $cookie_key : $register_key);
		$url_key 		= (!empty($register_key)) ? "&amp;key={$register_key}" : '';

		// We have to assign the registration key here because we want it to be kept even if the registration process is returned
		$template->assign_var('REGISTER_KEY', $register_key);]]></action>
			</edit>
			<edit>
				<find><![CDATA[		//
		$l_reg_cond = '';
		if ($invite->config['display_registration'])
		{
			$l_reg_cond .= ($invite->config['invite_require_activation'] == USER_ACTIVATION_NONE && $config['require_activation'] != USER_ACTIVATION_NONE) ? $user->lang['INVITE_NO_REGISTER_KEY'] : '';
		}

		switch ($config['require_activation'])
		{
			case USER_ACTIVATION_SELF:
				$l_reg_cond .= $user->lang['UCP_EMAIL_ACTIVATE'];
			break;

			case USER_ACTIVATION_ADMIN:
				$l_reg_cond .= $user->lang['UCP_ADMIN_ACTIVATE'];
			break;
		}]]></find>
				<action type="replace-with"><![CDATA[		//
		$l_reg_cond = '';
		switch ($config['require_activation'])
		{
			case USER_ACTIVATION_SELF:
				$l_reg_cond = $user->lang['UCP_EMAIL_ACTIVATE'];
			break;

			case USER_ACTIVATION_ADMIN:
				$l_reg_cond = $user->lang['UCP_ADMIN_ACTIVATE'];
			break;
		}]]></action>
			</edit>
		</open>

		<open src="styles/prosilver/template/memberlist_body.html">
			<edit>
				<find><![CDATA[<!-- ELSE -->
	<!-- INCLUDE overall_header.html -->
	<form method="post" action="{S_MODE_ACTION}">

<!-- ENDIF -->]]></find>
				<action type="after-add"><![CDATA[<!-- Calculate correct colspan -->
<!-- IF U_SORT_ACTIVE or S_VIEWONLINE -->
<!-- DEFINE $COLSPAN = 5 -->
<!-- ELSE -->
<!-- DEFINE $COLSPAN = 4 -->
<!-- ENDIF -->
<!-- IF U_SORT_INVITER --><!-- DEFINE $COLSPAN = $COLSPAN + 1 --><!-- ENDIF -->
<!-- IF U_SORT_INVITE --><!-- DEFINE $COLSPAN = $COLSPAN + 1 --><!-- ENDIF -->
<!-- IF U_SORT_REGISTER --><!-- DEFINE $COLSPAN = $COLSPAN + 1 --><!-- ENDIF -->]]></action>
			</edit>
			<edit>
				<find><![CDATA[					<td colspan="{S_TABLE_COLSPAN}">&nbsp;</td>]]></find>
				<action type="replace-with"><![CDATA[					<td colspan="{$COLSPAN}">&nbsp;</td>]]></action>
			</edit>
			<edit>
				<find><![CDATA[		<td colspan="{S_TABLE_COLSPAN}">{L_NO_MEMBERS}</td>]]></find>
				<action type="replace-with"><![CDATA[		<td colspan="{$COLSPAN}">{L_NO_MEMBERS}</td>]]></action>
			</edit>
			<edit>
				<find><![CDATA[	<!-- IF not S_LEADERS_SET -->
		<th class="name"><span class="rank-img"><a href="{U_SORT_RANK}">{L_RANK}</a></span><a href="{U_SORT_USERNAME}"><!-- IF S_SHOW_GROUP -->{L_GROUP_MEMBERS}<!-- ELSE -->{L_USERNAME}<!-- ENDIF --></a></th>]]></find>
				<action type="after-add"><![CDATA[			<!-- IF U_SORT_INVITER --><th class="<!-- IF not U_SORT_INVITE and not U_SORT_REGISTER -->joined<!-- ELSE -->posts<!-- ENDIF -->"><a href="{U_SORT_INVITER}#memberlist">{L_DISPLAY_INVITER}</a></th><!-- ENDIF -->
			<!-- IF U_SORT_INVITE --><th class="posts" width="50"><a href="{U_SORT_INVITE}#memberlist">{L_DISPLAY_INVITE}</a></th><!-- ENDIF -->
			<!-- IF U_SORT_REGISTER --><th class="posts"><a href="{U_SORT_REGISTER}">{L_DISPLAY_REGISTER}</a><!-- ENDIF -->]]></action>
			</edit>
			<edit>
				<find><![CDATA[	<!-- ELSEIF S_SHOW_GROUP -->
		<th class="name">{L_GROUP_MEMBERS}</th>]]></find>
				<action type="after-add"><![CDATA[		<!-- IF U_SORT_INVITER --><th class="<!-- IF not U_SORT_INVITE and not U_SORT_REGISTER -->joined<!-- ELSE -->posts<!-- ENDIF -->"><a href="{U_SORT_INVITER}#memberlist">{L_DISPLAY_INVITER}</a></th><!-- ENDIF -->
		<!-- IF U_SORT_INVITE --><th class="posts" width="50"><a href="{U_SORT_INVITE}#memberlist">{L_DISPLAY_INVITE}</a></th><!-- ENDIF -->
		<!-- IF U_SORT_REGISTER --><th class="posts"><a href="{U_SORT_REGISTER}">{L_DISPLAY_REGISTER}</a><!-- ENDIF -->]]></action>
			</edit>
		</open>

		<diy-instructions lang="en">When you are done with the file changes, please run the installation file using the update function at
your_board_url/install/invitation.php

Delete the install folder afterwards, go to your Administrator Control Panel
and be sure that the settings and permissions added during the installation are as you would like them.

Have fun.


Note:
You might want to update your templates for subsilver2 style or the one of the language packages as well.
Related instructions are included in the templates or languages folder if not carried out yet.</diy-instructions>
	</action-group>
</mod>