<?xml version="1.0" encoding="utf-8" standalone="yes" ?>
<?xml-stylesheet type="text/xsl" href="modx.prosilver.en.xsl"?>
<!--For security purposes, please check: http
://www.phpbb.com/mods/ for the latest version of this MOD. Although MODs are checked before being allowed in the MODs Database there is no guarantee that there are no security problems within the MOD. No support will be given for MODs not found within the MODs Database which can be found at http://www.phpbb.com/mods/-->
<mod xmlns:xsi="http://www.w3.org/2001/XMLSchema-instance" xmlns="http://www.phpbb.com/mods/xml/modx-1.2.5.xsd">
	<header>
		<license>http://opensource.org/licenses/gpl-license.php GNU General Public License v2</license>

		<title lang="en"><![CDATA[ACE Referral Mod]]></title>
		<description lang="en"><![CDATA[ACE Referral Mod is an addition to phpBB3 including invitation 
features. It enables your users to draw their friends' attention to your board by sending 
them an invitation e-mail with a registration key attached. ACE Referral Mod is highly configurable 
and you cannot only decide whether the attached key is required to register or not, but you can 
also keep track of who invited whom, limit the amount of invitations and add more social features.
Supports Ultimate Points and Cash Mod.

This mod continues on from Bycoja's Invite a Friend Mod at v0.6.1]]>
		</description>
		<author-notes lang="en"><![CDATA[Update instructions from previous releases can be found within the contrib/updates folder.
			For further information and bug reports please visit http://www.phpbb.com/community/viewtopic.php?f=70&t=1224005]]>
		</author-notes>

		<author-group>
			<author>
				<realname><![CDATA[Addison McDermid]]></realname>
				<username><![CDATA[wired076]]></username>
				<homepage><![CDATA[http://itconstruct.com.au]]></homepage>
				<email><![CDATA[admin@itconstruct.com.au]]></email>
				<contributions-group>
					<contributions status="current" from="2011-03-05" position="Developer"/>
				</contributions-group>
			</author>
			<author>
				<realname><![CDATA[J. Jacoby]]></realname>
				<email><![CDATA[bycoja@web.de]]></email>
				<username><![CDATA[Bycoja]]></username>
				<homepage><![CDATA[http://bycoja.bplaced.net]]></homepage>
				<contributions-group>
					<contributions status="past" from="2008-10-04" to="2011-03-05" position="Developer" />
				</contributions-group>		
			</author>
		</author-group>

		<mod-version>0.6.1</mod-version>

		<installation>
			<level>intermediate</level>
			<time>1200</time>
			<target-version>3.0.8</target-version>
		</installation>

		<history>
			<entry>
				<date>2010-04-19</date>
				<rev-version>0.6.1 [Beta]</rev-version>
				<changelog lang="en">
					<change><![CDATA[[Added] MOD version check support]]></change>
					<change><![CDATA[[Added] Turkish translation (thanks to muiketi)]]></change>
					<change><![CDATA[[Added] Possibility to transfer existing data from 0.5.4 and previous versions and make them work with new releases]]></change>
					<change><![CDATA[[Fixed] Statistics while viewing group pages]]></change>
					<change><![CDATA[[Fixed] Disable the invitation class correctly while installing]]></change>
					<change><![CDATA[[Fixed] Unnecessary include of AutoMOD files in the installation file]]></change>
					<change><![CDATA[[Fixed] Memberlist colspan]]></change>
					<change><![CDATA[[Fixed] Correct handling when changing the language while registering]]></change>
					<change><![CDATA[[Fixed] SQL error when adding new bots]]></change>
					<change><![CDATA[[Fixed] Missing language var]]></change>
					<change><![CDATA[[Fixed] Mistakes in modx files]]></change>
				</changelog>
			</entry>
			<entry>
				<date>2010-04-02</date>
				<rev-version>0.6.0 [Beta]</rev-version>
				<changelog lang="en">
					<change><![CDATA[[Added] Advanced profile statistics (percent of total invitations, etc.)]]></change>
					<change><![CDATA[[Added] Search for specific actions within the invitation log]]></change>
					<change><![CDATA[[Added] Display statistics in memberlist]]></change>
					<change><![CDATA[[Added] Search for members by invitation related criteria]]></change>
					<change><![CDATA[[Added] Log administrator actions for the invitation log]]></change>
					<change><![CDATA[[Added] Advanced limitation options]]></change>
					<change><![CDATA[[Added] Invitation mail priority settings]]></change>
					<change><![CDATA[[Added] Advanced invitation language settings]]></change>
					<change><![CDATA[[Added] Templates module in the ACP]]></change>
					<change><![CDATA[[Added] Templates for subjects]]></change>
					<change><![CDATA[[Added] List of possible wildcards in templates]]></change>
					<change><![CDATA[[Added] Turkish translation (thanks to muiketi)]]></change>
					<change><![CDATA[[Added] AutoMOD support]]></change>
					<change><![CDATA[[Added] Unified MOD Install Library (UMIL) support]]></change>
					<change><![CDATA[[Changed] List of invited users in profile has been removed as you can search for members now]]></change>
					<change><![CDATA[[Improved] Translations for better understanding]]></change>
					<change><![CDATA[[Improved] Show queue time in the related error message]]></change>
					<change><![CDATA[[Improved] Show invitation limit in the related error message]]></change>
					<change><![CDATA[[Improved] Invitation form looks more appealing now]]></change>
					<change><![CDATA[[Improved] Database queries to increase performance]]></change>
					<change><![CDATA[[Fixed] Encode usernames in the registration url]]></change>
					<change><![CDATA[[Fixed] Disable the whole modification will actually disable it now]]></change>
					<change><![CDATA[[Fixed] Identify users-to-be related to invitations by e-mail-addresses]]></change>
					<change><![CDATA[[Fixed] Search for specific username in the invitation log]]></change>
					<change><![CDATA[[Fixed] Mutated vowels in e-mails]]></change>
					<change><![CDATA[[Fixed] Display an error if the invitation could not be sent]]></change>
				</changelog>
			</entry>
			<entry>
				<date>2009-11-28</date>
				<rev-version>0.5.4 [Beta]</rev-version>
				<changelog lang="en">
					<change><![CDATA[[Added] Usage of cookies]]></change>
					<change><![CDATA[[Added] Profile field: "Invited by"]]></change>
					<change><![CDATA[[Added] Autohide key input field]]></change>
					<change><![CDATA[[Added] Extended group options]]></change>
					<change><![CDATA[[Fixed] User in the same group twice]]></change>
				</changelog>
			</entry>
			<entry>
				<date>2009-11-24</date>
				<rev-version>0.5.3 [Beta]</rev-version>
				<changelog lang="en">
					<change><![CDATA[[Added] Ultimate Points support]]></change>
					<change><![CDATA[[Added] Identify invited users by e-mail address]]></change>
					<change><![CDATA[[Added] Several checks for unexpected cases]]></change>
					<change><![CDATA[[Changed] Improved key generation]]></change>
					<change><![CDATA[[Changed] Code cleanup]]></change>
					<change><![CDATA[[Changed] MOD description]]></change>
					<change><![CDATA[[Fixed] Broken CAPTCHAs]]></change>
					<change><![CDATA[[Fixed] Template system]]></change>
				</changelog>
			</entry>
			<entry>
				<date>2009-05-20</date>
				<rev-version>0.5.2 [Beta]</rev-version>
				<changelog lang="en">
					<change><![CDATA[[Added] Add users, who enter a registration key, to the selected group]]></change>
					<change><![CDATA[[Changed] Create registration keys (even if keys are disabled) to identify friends]]></change>
					<change><![CDATA[[Changed] Removed constant 'REGISTER_KEY_DISABLED']]></change>
					<change><![CDATA[[Fixed] Report #020: Messenger vars not parsed in PM]]></change>
					<change><![CDATA[[Fixed] Report #019: Missing language vars]]></change>
					<change><![CDATA[[Fixed] Report #018: E-mail already taken]]></change>
					<change><![CDATA[[Fixed] Report #016: CAPTCHA]]></change>
					<change><![CDATA[[Fixed] Report #016: function install(), messages]]></change>
					<change><![CDATA[[Fixed] Report #015: function install(), permissions]]></change>
				</changelog>
			</entry>
			<entry>
				<date>2009-04-12</date>
				<rev-version>0.5.1 [Beta]</rev-version>
				<changelog lang="en">
					<change><![CDATA[[Added] Account activation]]></change>
					<change><![CDATA[[Added] Limitation: Topics]]></change>
					<change><![CDATA[[Added] Automatically create sql tables, install permissions, ...]]></change>
					<change><![CDATA[[Added] Automatically add messages referring to installed languages]]></change>
					<change><![CDATA[[Fixed] Report #013: COPPA Bug]]></change>
				</changelog>
			</entry>
			<entry>
				<date>2009-04-08</date>
				<rev-version>0.5.0 [Beta]</rev-version>
				<changelog lang="en">
					<change><![CDATA[[Added] Compatibility with 'Advanced Points System']]></change>
					<change><![CDATA[[Added] Many options (CAPTCHA, Limitation, ..)]]></change>
					<change><![CDATA[[Improved] Rewrote some code]]></change>
				</changelog>
			</entry>
			<entry>
				<date>2008-10-10</date>
				<rev-version>0.2.2 [Beta]</rev-version>
				<changelog lang="en">
					<change><![CDATA[[Added] Compatibility with 'Cash Mod']]></change>
					<change><![CDATA[[Added] Highly improved log]]></change>
					<change><![CDATA[[Added] UCP Module]]></change>
					<change><![CDATA[[Fixed] Report #009: [phpBB Debug] Undefined variable: new_user_row]]></change>
					<change><![CDATA[[Fixed] Report #008: [phpBB Debug] Undefined variable: invitation_data]]></change>
				</changelog>
			</entry>
			<entry>
				<date>2008-10-06</date>
				<rev-version>0.2.1 [Beta]</rev-version>
				<changelog lang="en">
					<change><![CDATA[[Added] Optional registration-key]]></change>
					<change><![CDATA[[Added] Prohibit multiple registrations]]></change>
					<change><![CDATA[[Fixed] Report #007: Empty {USERNAME}]]></change>
					<change><![CDATA[[Fixed] Report #006: Missing var]]></change>
				</changelog>
			</entry>
			<entry>
				<date>2008-10-05</date>
				<rev-version>0.2.0 [Beta]</rev-version>
				<changelog lang="en">
					<change><![CDATA[[Added] Confirmation e-mail]]></change>
					<change><![CDATA[[Added] New settings]]></change>
					<change><![CDATA[[Added] Log]]></change>
					<change><![CDATA[[Fixed] Report #005: Invite yourself]]></change>
					<change><![CDATA[[Fixed] Report #004: phpBB Debug]]></change>
					<change><![CDATA[[Fixed] Report #003: ACP: Edit Mail]]></change>
					<change><![CDATA[[Fixed] Report #002: 'Invite a friend' shown in navigation]]></change>
					<change><![CDATA[[Fixed] Report #001: Registration-keys]]></change>
				</changelog>
			</entry>
		</history>

		<link-group>
			<link type="language" href="contrib/languages/de.xml" lang="en">German Language</link>
			<link type="language" href="contrib/languages/tr.xml" lang="en">Turkish Language</link>
			<link type="template" href="contrib/templates/subsilver2.xml" lang="en">Subsilver2</link>
		</link-group>
	</header>

	<action-group>
		<copy>
			<file from="root/includes/functions_iaf.php" to="includes/functions_iaf.php" />
			<file from="root/includes/acp/info/acp_iaf.php" to="includes/acp/info/acp_iaf.php" />
			<file from="root/includes/acp/acp_iaf.php" to="includes/acp/acp_iaf.php" />
			<file from="root/includes/ucp/info/ucp_iaf.php" to="includes/ucp/info/ucp_iaf.php" />
			<file from="root/includes/ucp/ucp_iaf.php" to="includes/ucp/ucp_iaf.php" />
			<file from="root/adm/mods/iaf_check_version.php" to="adm/mods/iaf_check_version.php" />
			<file from="root/adm/style/acp_iaf.html" to="adm/style/acp_iaf.html" />
			<file from="root/adm/style/acp_iaf_log.html" to="adm/style/acp_iaf_log.html" />
			<file from="root/adm/style/acp_iaf_templates.html" to="adm/style/acp_iaf_templates.html" />
			<file from="root/styles/prosilver/template/ucp_iaf_invite.html" to="styles/prosilver/template/ucp_iaf_invite.html" />
			<file from="root/language/en/mods/info_acp_iaf.php" to="language/en/mods/info_acp_iaf.php" />
			<file from="root/language/en/mods/info_ucp_iaf.php" to="language/en/mods/info_ucp_iaf.php" />
			<file from="root/language/en/email/confirm_subject.txt" to="language/en/email/confirm_subject.txt" />
			<file from="root/language/en/email/confirm_message.txt" to="language/en/email/confirm_message.txt" />
			<file from="root/language/en/email/invite_subject.txt" to="language/en/email/invite_subject.txt" />
			<file from="root/language/en/email/invite_message.txt" to="language/en/email/invite_message.txt" />
			<file from="root/install/index.php" to="install/index.php" />
			<file from="root/umil/*.*" to="umil/*.*" />
		</copy>

		<open src="includes/constants.php">
			<comment lang="en"><![CDATA[Please note that you may have to use another digit for LOG_INVITE, if 4 is already taken.]]></comment>
			<edit>
				<find><![CDATA[// Additional tables]]></find>
				<action type="after-add"><![CDATA[define('INVITE_CONFIG_TABLE',		$table_prefix . 'invite_config');
define('INVITE_LOG_TABLE',			$table_prefix . 'invite_log');
define('LOG_INVITE', 				4);]]></action>
			</edit>
		</open>

		<open src="memberlist.php">
			<edit>
				<find><![CDATA[		// Inactive reason/account?]]></find>
				<action type="before-add"><![CDATA[		if (!class_exists('invite'))
		{
			include($phpbb_root_path . 'includes/functions_invite.' . $phpEx);
		}
		$invite	= new invite();
		$invite_row = $invite->profile_fields(array(), $user_id);
		$template->assign_vars($invite_row);]]></action>
			</edit>
			<edit>
				<find><![CDATA[		$sql_select = $sql_where_data = $sql_from = $sql_where = $order_by = '';]]></find>
				<action type="after-add"><![CDATA[		if (!class_exists('invite'))
		{
			include($phpbb_root_path . 'includes/functions_invite.' . $phpEx);
		}
		$user->add_lang('mods/info_acp_invite');

		$invitation = new invite();
		$ui 		= request_var('ui', '');
		$search_ui	= (!is_numeric($ui)) ? (int) $invitation->user_return_data(utf8_clean_string($ui), 'username_clean', 'user_id') : (int) $ui;
		$sql_where .= ($invitation->config['invite_search_allowed'] && $invitation->config['display_m_inviter'] && $search_ui) ? ' AND i.invite_user_id = ' . $search_ui : '';
		$sql_where .= ($invitation->config['invite_search_allowed'] && $invitation->config['display_m_inviter'] && $search_ui) ? ' AND i.invite_user_id <> u.user_id AND i.register_user_id = u.user_id AND i.register_key_used = 1': '';
		$sql_from .= ($invitation->config['invite_search_allowed'] && $invitation->config['display_m_inviter'] && $search_ui) ? ', ' . INVITE_LOG_TABLE . ' i ' : '';

		$sort_key_text['inviter'] = $user->lang['DISPLAY_INVITER'];
		$sort_key_sql['inviter'] = 'u.user_inviter_name';
		$sort_key_text['invite'] = $user->lang['DISPLAY_INVITE'];
		$sort_key_sql['invite'] = 'u.user_invitations';
		$sort_key_text['register'] = $user->lang['DISPLAY_REGISTER'];
		$sort_key_sql['register'] = 'u.user_registrations';
]]></action>
			</edit>
			<edit>
				<find><![CDATA[		$search_params = array('username', 'email', 'icq', 'aim', 'yahoo', 'msn', 'jabber', 'search_group_id', 'joined_select', 'active_select', 'count_select', 'joined', 'active', 'count', 'ip');]]></find>
				<inline-edit>
					<inline-find><![CDATA['ip']]></inline-find>
					<inline-action type="after-add"><![CDATA[, 'ui', 'invite', 'register']]></inline-action>
				</inline-edit>
			</edit>
			<edit>
				<find><![CDATA[			$sql_where .= ($username) ? ' AND u.username_clean ' . $db->sql_like_expression(str_replace('*', $db->any_char, utf8_clean_string($username))) : '';]]></find>
				<action type="before-add"><![CDATA[			$invite			= (request_var('invite', '') !== '') ? request_var('invite', 0) : '';
			$register		= (request_var('register', '') !== '') ? request_var('register', 0) : '';
			$invite_select	= request_var('invite_select', 'eq');
			$register_select= request_var('register_select', 'eq');

			$s_find_invite = '';
			foreach ($find_count as $key => $value)
			{
				$selected = ($invite_select == $key) ? ' selected="selected"' : '';
				$s_find_invite .= '<option value="' . $key . '"' . $selected . '>' . $value . '</option>';
			}
			$s_find_register = '';
			foreach ($find_count as $key => $value)
			{
				$selected = ($register_select == $key) ? ' selected="selected"' : '';
				$s_find_register .= '<option value="' . $key . '"' . $selected . '>' . $value . '</option>';
			}

			$sql_where .= ($invitation->config['invite_search_allowed'] && $invitation->config['display_m_invite'] && is_numeric($invite) && isset($find_key_match[$invite_select])) ? ' AND u.user_invitations ' . $find_key_match[$invite_select] . ' ' . (int) $invite . ' ' : '';
			$sql_where .= ($invitation->config['invite_search_allowed'] && $invitation->config['display_m_register'] && is_numeric($register) && isset($find_key_match[$register_select])) ? ' AND u.user_registrations ' . $find_key_match[$register_select] . ' ' . (int) $register . ' ' : '';]]></action>
			</edit>
			<edit>
				<find><![CDATA[			'first_char'	=> array('first_char', ''),]]></find>
				<action type="after-add"><![CDATA[			'ui'			=> array('ui', '', true),
			'invite'		=> (request_var('invite', '') !== '') ? array('invite', 0) : array('invite', ''),
			'register'		=> (request_var('register', '') !== '') ? array('register', 0) : array('register', ''),]]></action>
			</edit>
			<edit>
				<find><![CDATA[		$leaders_set = false;]]></find>
				<action type="after-add"><![CDATA[		if ($ui)
		{
			if (!$search_ui)
			{
				$user_list = array();
			}
			else
			{
				$ui_info = $invitation->get_profile_info('', 'memberlist', $search_ui);
			}
			$total_users = sizeof($user_list);

			$template->assign_vars(array(
				'PAGE_TITLE_INVITE_SEARCH'	=> (isset($ui_info) && $invitation->config['invite_search_allowed']) ? sprintf($user->lang['PAGE_TITLE_INVITE_SEARCH'], $ui_info['username_full']) : '',

				'S_INVITE_FILTER'			=> (isset($ui_info)) ? true : false,
				'S_ENABLE_INVITE_FILTER'	=> ($invitation->config['invite_search_allowed']) ? $invitation->config['display_m_inviter'] : false)
			);
		}
		$template->assign_vars(array(
			'INVITER'					=> (isset($ui)) ? ((is_numeric($ui)) ? $invitation->user_return_data($ui, 'user_id', 'username') : $ui) : '',
			'INVITE'					=> (isset($invite)) ? $invite : '',
			'REGISTER'					=> (isset($register)) ? $register : '',
			'S_INVITE_OPTIONS'			=> (isset($s_find_invite)) ? $s_find_invite : '',
			'S_REGISTER_OPTIONS'		=> (isset($s_find_register)) ? $s_find_register : '',
			'U_SORT_INVITER'			=> ($invitation->config['display_m_inviter']) ? $sort_url . '&amp;sk=inviter&amp;sd=' . (($sort_key == 'inviter' && $sort_dir == 'a') ? 'd' : 'a') : false,
			'U_SORT_INVITE'				=> ($invitation->config['display_m_invite']) ? $sort_url . '&amp;sk=invite&amp;sd=' . (($sort_key == 'invite' && $sort_dir == 'a') ? 'd' : 'a') : false,
			'U_SORT_REGISTER'			=> ($invitation->config['display_m_register']) ? $sort_url . '&amp;sk=register&amp;sd=' . (($sort_key == 'register' && $sort_dir == 'a') ? 'd' : 'a') : false,
			'S_INVITE_SEARCH_ALLOWED'	=> $invitation->config['invite_search_allowed'])
		);]]></action>
			</edit>
			<edit>
				<find><![CDATA[				if (isset($cp_row['row']) && sizeof($cp_row['row']))]]></find>
				<action type="before-add"><![CDATA[				$memberrow = $invitation->profile_fields($memberrow, $user_id);]]></action>
			</edit>
		</open>

		<open src="viewtopic.php">
			<edit>
				<find><![CDATA[	if (isset($cp_row['row']) && sizeof($cp_row['row']))
	{
		$postrow = array_merge($postrow, $cp_row['row']);
	}]]></find>
				<action type="after-add"><![CDATA[	if (!class_exists('invite'))
	{
		include($phpbb_root_path . 'includes/functions_invite.' . $phpEx);
	}
	$invite	= new invite();
	$postrow = $invite->profile_fields($postrow, $poster_id);]]></action>
			</edit>

		</open>

		<open src="includes/functions.php">
			<edit>
				<find><![CDATA[		case 'critical':
			$sql_ary['log_type'] = LOG_CRITICAL;
		break;]]></find>
				<action type="after-add"><![CDATA[		case 'invite':
			$sql_ary['log_type'] = LOG_INVITE;
		break;]]></action>
			</edit>
			<edit>
				<find><![CDATA[	define('HEADER_INC', true);]]></find>
				<action type="after-add"><![CDATA[	if (!class_exists('invite'))
	{
		include($phpbb_root_path . 'includes/functions_invite.' . $phpEx);
	}
	$invite	= new invite();
	$invite->header_template();]]></action>
			</edit>
		</open>

		<open src="includes/functions_admin.php">
			<edit>
				<find><![CDATA[		case 'critical':
			$log_type = LOG_CRITICAL;
			$sql_forum = '';
		break;]]></find>
				<action type="after-add"><![CDATA[		case 'invite':
			$log_type = LOG_INVITE;
			$sql_forum = '';

			// Unfortunately we have to abuse $topic_id as $filter...
			$sql_forum .= ($topic_id == 'all') ? '' : 'AND l.log_operation LIKE "LOG_INVITE_' . strtoupper($topic_id) . '"';
			$sql_forum .= ($forum_id) ? 'AND l.user_id = ' . $forum_id : '';
		break;]]></action>
			</edit>
		</open>

		<open src="includes/ucp/ucp_register.php">
			<edit>
				<find><![CDATA[				$change_lang = '';
				$user_lang = $user->lang_name;
			}
		}]]></find>
				<action type="after-add"><![CDATA[		if (!class_exists('invite'))
		{
			include($phpbb_root_path . 'includes/functions_invite.' . $phpEx);
		}
		$user->add_lang('mods/info_ucp_invite');

		$invite			= new invite();
		$register_key	= request_var('key', '', true);

		if ($invite->config['set_cookie'] && $invite->valid_key($register_key))
		{
			$invite->set_cookie($register_key);
		}
		$cookie_key		= (isset($_COOKIE[$config['cookie_name'] . '_reg_key'])) ? $_COOKIE[$config['cookie_name'] . '_reg_key'] : '';
		$register_key 	= (!$invite->config['enable_key']) ? '' : ((!empty($cookie_key)) ? $cookie_key : $register_key);
		$url_key 		= (!empty($register_key)) ? "&amp;key={$register_key}" : '';

		// We have to assign the registration key here because we want it to be kept even if the registration process is returned
		$template->assign_var('REGISTER_KEY', $register_key);]]></action>
			</edit>
			<edit>
				<find><![CDATA[			$add_coppa = ($coppa !== false) ? '&amp;coppa=' . $coppa : '';]]></find>
				<action type="after-add"><![CDATA[			// Abuse $add_lang var for our registration key
			$add_lang .= $url_key;]]></action>
			</edit>
			<edit>
				<find><![CDATA[			// DNSBL check]]></find>
				<action type="before-add"><![CDATA[			// Handle registration keys
			if ($invite->config['enable'])
			{
				if (!$invite->valid_key($register_key) && $invite->config['enable_key'] == 1)
				{
					if ($invite->config['enable_key'] == 1)
					{
						$error[] = $user->lang['REGISTER_KEY_INVALID'];
					}
					if ($invite->config['enable_key'] == 2)
					{
						$error[] = $user->lang['REGISTER_KEY_INVALID_OPTIONAL'];
					}
				}

				// Different account activation for registration keys?
				if ($invite->config['enable_key'] && $invite->valid_key($register_key, false))
				{
					$config['require_activation'] = ($invite->config['invite_require_activation'] == 3) ? $config['require_activation'] : $invite->config['invite_require_activation'];
				}

				// Someone is trying to take the mickey out of us? I say prevent abuse!
				if ($invite->invite_yourself($register_key))
				{
					$error[] = $user->lang['INVITE_YOURSELF'];
				}
			}]]></action>
			</edit>
			<edit>
				<find><![CDATA[				// Register user...
				$user_id = user_add($user_row, $cp_data);]]></find>
				<action type="after-add"><![CDATA[				$invite->register_user($register_key, $user_id);]]></action>
			</edit>
			<edit>
				<find><![CDATA[			'S_UCP_ACTION'		=> append_sid("{$phpbb_root_path}ucp.$phpEx", 'mode=register'),]]></find>
				<action type="replace-with"><![CDATA[			'S_UCP_ACTION'		=> append_sid("{$phpbb_root_path}ucp.$phpEx", '&amp;mode=register' . $url_key),

			'REGISTER_KEY'				=> $register_key,
			'S_REGISTER_KEY_EMPTY'		=> (empty($register_key) || !$register_key) ? true : false,
			'S_DISPLAY_REGISTER_KEY'	=> ($invite->valid_key($register_key) && $invite->config['autohide_valid_key']) ? false : (($invite->config['display_registration'] && $invite->config['enable_key']) ? true : false),
			'S_ENABLE_KEY_OPTIONAL'		=> ($invite->config['enable_key'] == OPTIONAL) ? true : false,]]></action>
			</edit>
		</open>

		<open src="styles/prosilver/template/memberlist_body.html">
			<edit>
				<find><![CDATA[<!-- ELSE -->
	<!-- INCLUDE overall_header.html -->
	<form method="post" action="{S_MODE_ACTION}">

<!-- ENDIF -->]]></find>
				<action type="after-add"><![CDATA[<!-- Calculate correct colspan -->
<!-- IF U_SORT_ACTIVE or S_VIEWONLINE -->
<!-- DEFINE $COLSPAN = 5 -->
<!-- ELSE -->
<!-- DEFINE $COLSPAN = 4 -->
<!-- ENDIF -->
<!-- IF U_SORT_INVITER --><!-- DEFINE $COLSPAN = $COLSPAN + 1 --><!-- ENDIF -->
<!-- IF U_SORT_INVITE --><!-- DEFINE $COLSPAN = $COLSPAN + 1 --><!-- ENDIF -->
<!-- IF U_SORT_REGISTER --><!-- DEFINE $COLSPAN = $COLSPAN + 1 --><!-- ENDIF -->]]></action>
			</edit>
			<edit>
				<find><![CDATA[		<h2 class="solo">{PAGE_TITLE}<!-- IF SEARCH_WORDS -->: <a href="{U_SEARCH_WORDS}">{SEARCH_WORDS}</a><!-- ENDIF --></h2>]]></find>
				<action type="replace-with"><![CDATA[		<h2 class="solo"><!-- IF S_ENABLE_INVITE_FILTER and S_INVITE_FILTER -->{PAGE_TITLE_INVITE_SEARCH}<!-- ELSE -->{PAGE_TITLE}<!-- ENDIF --><!-- IF SEARCH_WORDS -->: <a href="{U_SEARCH_WORDS}">{SEARCH_WORDS}</a><!-- ENDIF --></h2>]]></action>
			</edit>
			<edit>
				<find><![CDATA[			<th class="name"><span class="rank-img"><a href="{U_SORT_RANK}">{L_RANK}</a></span><a href="{U_SORT_USERNAME}"><!-- IF S_SHOW_GROUP and .memberrow -->{L_GROUP_LEADER}<!-- ELSE -->{L_USERNAME}<!-- ENDIF --></a></th>]]></find>
				<action type="after-add"><![CDATA[			<!-- IF U_SORT_INVITER --><th class="<!-- IF not U_SORT_INVITE and not U_SORT_REGISTER -->joined<!-- ELSE -->posts<!-- ENDIF -->"><a href="{U_SORT_INVITER}#memberlist">{L_DISPLAY_INVITER}</a></th><!-- ENDIF -->
			<!-- IF U_SORT_INVITE --><th class="posts" width="50"><a href="{U_SORT_INVITE}#memberlist">{L_DISPLAY_INVITE}</a></th><!-- ENDIF -->
			<!-- IF U_SORT_REGISTER --><th class="posts"><a href="{U_SORT_REGISTER}">{L_DISPLAY_REGISTER}</a></th><!-- ENDIF -->]]></action>
			</edit>
			<edit>
				<find><![CDATA[					<td colspan="<!-- IF U_SORT_ACTIVE -->5<!-- ELSE -->4<!-- ENDIF -->">&nbsp;</td>]]></find>
				<action type="replace-with"><![CDATA[					<td colspan="{$COLSPAN}">&nbsp;</td>]]></action>
			</edit>
			<edit>
				<find><![CDATA[	<!-- IF not S_LEADERS_SET -->
		<th class="name"><span class="rank-img"><a href="{U_SORT_RANK}">{L_RANK}</a></span><a href="{U_SORT_USERNAME}"><!-- IF S_SHOW_GROUP -->{L_GROUP_MEMBERS}<!-- ELSE -->{L_USERNAME}<!-- ENDIF --></a></th>]]></find>
				<action type="after-add"><![CDATA[			<!-- IF U_SORT_INVITER --><th class="<!-- IF not U_SORT_INVITE and not U_SORT_REGISTER -->joined<!-- ELSE -->posts<!-- ENDIF -->"><a href="{U_SORT_INVITER}#memberlist">{L_DISPLAY_INVITER}</a></th><!-- ENDIF -->
			<!-- IF U_SORT_INVITE --><th class="posts" width="50"><a href="{U_SORT_INVITE}#memberlist">{L_DISPLAY_INVITE}</a></th><!-- ENDIF -->
			<!-- IF U_SORT_REGISTER --><th class="posts"><a href="{U_SORT_REGISTER}">{L_DISPLAY_REGISTER}</a><!-- ENDIF -->]]></action>
			</edit>
			<edit>
				<find><![CDATA[	<!-- ELSEIF S_SHOW_GROUP -->
		<th class="name">{L_GROUP_MEMBERS}</th>]]></find>
				<action type="after-add"><![CDATA[		<!-- IF U_SORT_INVITER --><th class="<!-- IF not U_SORT_INVITE and not U_SORT_REGISTER -->joined<!-- ELSE -->posts<!-- ENDIF -->"><a href="{U_SORT_INVITER}#memberlist">{L_DISPLAY_INVITER}</a></th><!-- ENDIF -->
		<!-- IF U_SORT_INVITE --><th class="posts" width="50"><a href="{U_SORT_INVITE}#memberlist">{L_DISPLAY_INVITE}</a></th><!-- ENDIF -->
		<!-- IF U_SORT_REGISTER --><th class="posts"><a href="{U_SORT_REGISTER}">{L_DISPLAY_REGISTER}</a><!-- ENDIF -->]]></action>
			</edit>
			<edit>
				<find><![CDATA[		<td><!-- IF memberrow.RANK_IMG --><span class="rank-img">{memberrow.RANK_IMG}</span><!-- ELSE --><span class="rank-img">{memberrow.RANK_TITLE}</span><!-- ENDIF --><!-- IF S_IN_SEARCH_POPUP and not S_SELECT_SINGLE --><input type="checkbox" name="user" value="{memberrow.USERNAME}" /> <!-- ENDIF -->{memberrow.USERNAME_FULL}<!-- IF S_SELECT_SINGLE --><br />[&nbsp;<a href="#" onclick="insert_single('{memberrow.A_USERNAME}'); return false;">{L_SELECT}</a>&nbsp;]<!-- ENDIF --></td>]]></find>
				<action type="after-add"><![CDATA[		<!-- IF U_SORT_INVITER --><td class="<!-- IF not U_SORT_INVITE and not U_SORT_REGISTER -->joined<!-- ELSE -->posts<!-- ENDIF -->"><!-- IF memberrow.POSTER_INVITE_INVITER -->{memberrow.POSTER_INVITE_INVITER}<!-- ENDIF --></td><!-- ENDIF -->
		<!-- IF U_SORT_INVITE --><td class="posts">{memberrow.POSTER_INVITE_INVITE}</td><!-- ENDIF -->
		<!-- IF U_SORT_REGISTER --><td class="posts">{memberrow.POSTER_INVITE_REGISTER}</td><!-- ENDIF -->]]></action>
			</edit>
			<edit>
				<find><![CDATA[		<td colspan="<!-- IF S_VIEWONLINE -->5<!-- ELSE -->4<!-- ENDIF -->">{L_NO_MEMBERS}</td>]]></find>
				<action type="replace-with"><![CDATA[		<td colspan="{$COLSPAN}">{L_NO_MEMBERS}</td>]]></action>
			</edit>
		</open>
			
		<open src="styles/prosilver/template/memberlist_search.html">
			<edit>
				<find><![CDATA[	<dl>
		<dt><label for="username">{L_USERNAME}:</label></dt>
		<dd><input type="text" name="username" id="username" value="{USERNAME}" class="inputbox" /></dd>
	</dl>]]></find>
				<action type="after-add"><![CDATA[	<!-- IF S_INVITE_SEARCH_ALLOWED and U_SORT_INVITER -->
		<dl>
			<dt><label for="ui">{L_DISPLAY_INVITER}:</label></dt>
			<dd><input type="text" name="ui" id="ui" value="{INVITER}" class="inputbox" /></dd>
		</dl>
	<!-- ENDIF -->]]></action>
			</edit>
			<edit>
				<find><![CDATA[	<dl>
		<dt><label for="count">{L_POSTS}:</label></dt>
		<dd><select name="count_select">{S_COUNT_OPTIONS}</select> <input class="inputbox medium" type="text" name="count" id="count" value="{COUNT}" /></dd>
	</dl>]]></find>
				<action type="after-add"><![CDATA[	<!-- IF S_INVITE_SEARCH_ALLOWED and U_SORT_INVITE -->
		<dl>
			<dt><label for="invite">{L_DISPLAY_INVITE}:</label></dt>
			<dd><select name="invite_select">{S_INVITE_OPTIONS}</select> <input class="inputbox medium" type="text" name="invite" id="invite" value="{INVITE}" /></dd>
		</dl>
	<!-- ENDIF -->
	<!-- IF S_INVITE_SEARCH_ALLOWED and U_SORT_REGISTER -->
		<dl>
			<dt><label for="register">{L_DISPLAY_REGISTER}:</label></dt>
			<dd><select name="register_select">{S_REGISTER_OPTIONS}</select> <input class="inputbox medium" type="text" name="register" id="register" value="{REGISTER}" /></dd>
		</dl>
	<!-- ENDIF -->]]></action>
			</edit>
		</open>

		<open src="styles/prosilver/template/memberlist_view.html">
			<edit>
				<find><![CDATA[			<dt>{L_VISITED}:</dt> <dd>{VISITED}</dd>]]></find>
				<action type="after-add"><![CDATA[			<!-- IF POSTER_INVITE_INVITER and S_P_DISPLAY_INVITER --><dt>{L_DISPLAY_INVITER}:</dt> <dd>{POSTER_INVITE_INVITER}</dd><!-- ENDIF -->]]></action>
			</edit>
			<edit>
				<find><![CDATA[			<!-- IF S_SHOW_ACTIVITY and POSTS -->
				<dt>{L_ACTIVE_IN_FORUM}:</dt> <dd><!-- IF ACTIVE_FORUM --><strong><a href="{U_ACTIVE_FORUM}">{ACTIVE_FORUM}</a></strong><br />({ACTIVE_FORUM_POSTS} / {ACTIVE_FORUM_PCT})<!-- ELSE --> - <!-- ENDIF --></dd>
				<dt>{L_ACTIVE_IN_TOPIC}:</dt> <dd><!-- IF ACTIVE_TOPIC --><strong><a href="{U_ACTIVE_TOPIC}">{ACTIVE_TOPIC}</a></strong><br />({ACTIVE_TOPIC_POSTS} / {ACTIVE_TOPIC_PCT})<!-- ELSE --> - <!-- ENDIF --></dd>
			<!-- ENDIF -->]]></find>
				<action type="after-add"><![CDATA[			<!-- IF S_P_DISPLAY_INVITE -->
				<dt>{L_DISPLAY_INVITE}:</dt> <dd>{POSTER_INVITE_INVITE} <!-- IF U_USER_ADMIN --> [ <a href="{U_USER_ADMIN_INVITATIONS}">{L_USER_ADMIN_INVITATIONS}</a> ]<!-- ENDIF -->
				<!-- IF INVITATIONS_PCT --><br />({INVITATIONS_PCT} / {INVITATIONS_DAY})<!-- ENDIF --></dd>
			<!-- ENDIF -->
			<!-- IF S_P_DISPLAY_REGISTER -->
				<dt>{L_DISPLAY_REGISTER}:</dt> <dd>{POSTER_INVITE_REGISTER} <!-- IF S_DISPLAY_REGISTRATION_SEARCH -->| <strong><a href="{U_SEARCH_REGISTRATIONS}">{L_SEARCH_USER_REGISTRATIONS}</a></strong><!-- ENDIF -->
				<!-- IF U_USER_ADMIN --><!-- IF S_DISPLAY_REGISTRATION_SEARCH --><br /><!-- ENDIF -->[ <a href="{U_USER_ADMIN_REGISTRATIONS}">{L_USER_ADMIN_REGISTRATIONS}</a> ]<!-- ENDIF -->
				<!-- IF REGISTRATIONS_PCT --><br />({REGISTRATIONS_PCT} / {REGISTRATIONS_DAY} / {REGISTRATIONS_SUCCESS_RATE})<!-- ENDIF --></dd>
			<!-- ENDIF -->]]></action>
			</edit>
		</open>

		<open src="styles/prosilver/template/overall_header.html">
			<edit>
				<find><![CDATA[					<a href="{U_SEARCH_SELF}">{L_SEARCH_SELF}</a>]]></find>
				<action type="after-add"><![CDATA[					<!-- IF S_DISPLAY_INVITE --> &bull; <a href="{U_INVITE_A_FRIEND}">{L_ACP_INVITE}</a><!-- ENDIF -->]]></action>
			</edit>
		</open>

		<open src="styles/prosilver/template/viewtopic_body.html">
			<edit>
				<find><![CDATA[		<!-- IF postrow.POSTER_FROM --><dd><strong>{L_LOCATION}:</strong> {postrow.POSTER_FROM}</dd><!-- ENDIF -->]]></find>
				<action type="after-add"><![CDATA[		<!-- IF postrow.POSTER_INVITE_INVITER and S_T_DISPLAY_INVITER --><dd><strong>{L_DISPLAY_INVITER}:</strong> {postrow.POSTER_INVITE_INVITER}</dd><!-- ENDIF -->
		<!-- IF S_T_DISPLAY_INVITE --><br /><dd><strong>{L_DISPLAY_INVITE}:</strong> {postrow.POSTER_INVITE_INVITE}</dd><!-- ENDIF -->
		<!-- IF S_T_DISPLAY_REGISTER --><dd><strong>{L_DISPLAY_REGISTER}:</strong> {postrow.POSTER_INVITE_REGISTER}</dd><!-- ENDIF -->]]></action>
			</edit>
		</open>

		<open src="styles/prosilver/template/ucp_register.html">
			<edit>
				<find><![CDATA[	<dl>
		<dt><label for="username">{L_USERNAME}:</label><br /><span>{L_USERNAME_EXPLAIN}</span></dt>
		<dd><input type="text" tabindex="1" name="username" id="username" size="25" value="{USERNAME}" class="inputbox autowidth" title="{L_USERNAME}" /></dd>
	</dl>]]></find>
				<action type="after-add"><![CDATA[	<!-- IF S_DISPLAY_REGISTER_KEY -->
		<dl>
			<dt><label for="key">{L_REGISTER_KEY}:<!-- IF S_ENABLE_KEY_OPTIONAL --> ({L_OPTIONAL})<!-- ENDIF --></label><br /><span>{L_REGISTER_KEY_EXPLAIN}</span></dt>
			<dd><input type="text" name="key" id="key" size="25" value="{REGISTER_KEY}" class="inputbox autowidth" title="{L_REGISTER_KEY}" /></dd>
		</dl>
	<!-- ENDIF -->]]></action>
			</edit>
			<edit>
				<find><![CDATA[		{S_HIDDEN_FIELDS}]]></find>
				<action type="after-add"><![CDATA[		<!-- IF not S_REGISTER_KEY_EMPTY --><input type="hidden" value="{REGISTER_KEY}" name="key" class="button2" /><!-- ENDIF -->]]></action>
			</edit>
		</open>
		<php-installer><![CDATA[install/index.php]]></php-installer>
		<diy-instructions lang="en"><![CDATA[Delete the install folder afterwards, go to your Administrator Control Panel
and be sure that the settings and permissions added during the installation are as you would like them.

Have fun.


Note:
You might want to install the templates for subsilver2 style or the one of the language packages as well.
Related instructions are included in the contrib/templates or contrib/languages folder if not carried out yet.]]>
		</diy-instructions>
	</action-group>
</mod>