<?xml version="1.0" encoding="utf-8" standalone="yes" ?>
<?xml-stylesheet type="text/xsl" href="modx.prosilver.en.xsl"?>
<!--For security purposes, please check: http
://www.phpbb.com/mods/ for the latest version of this MOD. Although MODs are checked before being allowed in the MODs Database there is no guarantee that there are no security problems within the MOD. No support will be given for MODs not found within the MODs Database which can be found at http://www.phpbb.com/mods/-->
<mod xmlns:xsi="http://www.w3.org/2001/XMLSchema-instance" xmlns="http://www.phpbb.com/mods/xml/modx-1.2.5.xsd">
	<header>
		<license>http://opensource.org/licenses/gpl-license.php GNU General Public License v2</license>

		<title lang="en">Invite A Friend</title>
		<description lang="en">Updating Invite A Friend from 0.5.4 to 0.6.0.</description>
		<author-notes lang="en">For further information and bug reports please visit <![CDATA[http://www.phpbb.com/community/viewtopic.php?f=70&t=1224005]]></author-notes>

		<author-group>
			<author>
				<realname>J. Jacoby</realname>
				<email>bycoja@web.de</email>
				<username>Bycoja</username>
				<homepage>http://bycoja.bplaced.net</homepage>
				<contributions-group>
					<contributions status="current" position="Developer" />
				</contributions-group>		
			</author>
		</author-group>

		<mod-version>0.6.0</mod-version>

		<installation>
			<level>intermediate</level>
			<time>1200</time>
			<target-version>3.0.7-PL1</target-version>
		</installation>

		<history>
			<entry>
				<date>2010-04-02</date>
				<rev-version>0.6.0 [Beta]</rev-version>
				<changelog lang="en">
					<change>[Added] Advanced profile statistics (percent of total invitations, etc.)</change>
					<change>[Added] Search for specific actions within the invitation log</change>
					<change>[Added] Display statistics in memberlist</change>
					<change>[Added] Search for members by invitation related criteria</change>
					<change>[Added] Log administrator actions for the invitation log</change>
					<change>[Added] Advanced limitation options</change>
					<change>[Added] Invitation mail priority settings</change>
					<change>[Added] Advanced invitation language settings</change>
					<change>[Added] Templates module in the ACP</change>
					<change>[Added] Templates for subjects</change>
					<change>[Added] List of possible wildcards in templates</change>
					<change>[Added] Turkish translation (thanks to muiketi)</change>
					<change>[Added] AutoMOD support</change>
					<change>[Added] Unified MOD Install Library (UMIL) support</change>
					<change>[Changed] List of invited users in profile has been removed as you can search for members now</change>
					<change>[Improved] Translations for better understanding</change>
					<change>[Improved] Show queue time in the related error message</change>
					<change>[Improved] Show invitation limit in the related error message</change>
					<change>[Improved] Invitation form looks more appealing now</change>
					<change>[Improved] Database queries to increase performance</change>
					<change>[Fixed] Encode usernames in the registration url</change>
					<change>[Fixed] Disable the whole modification will actually disable it now</change>
					<change>[Fixed] Identify users-to-be related to invitations by e-mail-addresses</change>
					<change>[Fixed] Search for specific username in the invitation log</change>
					<change>[Fixed] Mutated vowels in e-mails</change>
					<change>[Fixed] Display an error if the invitation could not be sent</change>
				</changelog>
			</entry>
			<entry>
				<date>2009-11-28</date>
				<rev-version>0.5.4 [Beta]</rev-version>
				<changelog lang="en">
					<change>[Added] Usage of cookies</change>
					<change>[Added] Profile field: "Invited by"</change>
					<change>[Added] Autohide key input field</change>
					<change>[Added] Extended group options</change>
					<change>[Fixed] User in the same group twice</change>
				</changelog>
			</entry>
			<entry>
				<date>2009-11-24</date>
				<rev-version>0.5.3 [Beta]</rev-version>
				<changelog lang="en">
					<change>[Added] Ultimate Points support</change>
					<change>[Added] Identify invited users by e-mail address</change>
					<change>[Added] Several checks for unexpected cases</change>
					<change>[Changed] Improved key generation</change>
					<change>[Changed] Code cleanup</change>
					<change>[Changed] MOD description</change>
					<change>[Fixed] Broken CAPTCHAs</change>
					<change>[Fixed] Template system</change>
				</changelog>
			</entry>
			<entry>
				<date>2009-05-20</date>
				<rev-version>0.5.2 [Beta]</rev-version>
				<changelog lang="en">
					<change>[Added] Add users, who enter a registration key, to the selected group</change>
					<change>[Changed] Create registration keys (even if keys are disabled) to identify friends</change>
					<change>[Changed] Removed constant 'REGISTER_KEY_DISABLED'</change>
					<change>[Fixed] Report #020: Messenger vars not parsed in PM</change>
					<change>[Fixed] Report #019: Missing language vars</change>
					<change>[Fixed] Report #018: E-mail already taken</change>
					<change>[Fixed] Report #016: CAPTCHA</change>
					<change>[Fixed] Report #016: function install(), messages</change>
					<change>[Fixed] Report #015: function install(), permissions</change>
				</changelog>
			</entry>
			<entry>
				<date>2009-04-12</date>
				<rev-version>0.5.1 [Beta]</rev-version>
				<changelog lang="en">
					<change>[Added] Account activation</change>
					<change>[Added] Limitation: Topics</change>
					<change>[Added] Automatically create sql tables, install permissions, ...</change>
					<change>[Added] Automatically add messages referring to installed languages</change>
					<change>[Fixed] Report #013: COPPA Bug</change>
				</changelog>
			</entry>
			<entry>
				<date>2009-04-08</date>
				<rev-version>0.5.0 [Beta]</rev-version>
				<changelog lang="en">
					<change>[Added] Compatibility with 'Advanced Points System'</change>
					<change>[Added] Many options (CAPTCHA, Limitation, ..)</change>
					<change>[Improved] Rewrote some code</change>
				</changelog>
			</entry>
			<entry>
				<date>2008-10-10</date>
				<rev-version>0.2.2 [Beta]</rev-version>
				<changelog lang="en">
					<change>[Added] Compatibility with 'Cash Mod'</change>
					<change>[Added] Highly improved log</change>
					<change>[Added] UCP Module</change>
					<change>[Fixed] Report #009: [phpBB Debug] Undefined variable: new_user_row</change>
					<change>[Fixed] Report #008: [phpBB Debug] Undefined variable: invitation_data</change>
				</changelog>
			</entry>
			<entry>
				<date>2008-10-06</date>
				<rev-version>0.2.1 [Beta]</rev-version>
				<changelog lang="en">
					<change>[Added] Optional registration-key</change>
					<change>[Added] Prohibit multiple registrations</change>
					<change>[Fixed] Report #007: Empty {USERNAME}</change>
					<change>[Fixed] Report #006: Missing var</change>
				</changelog>
			</entry>
			<entry>
				<date>2008-10-05</date>
				<rev-version>0.2.0 [Beta]</rev-version>
				<changelog lang="en">
					<change>[Added] Confirmation e-mail</change>
					<change>[Added] New settings</change>
					<change>[Added] Log</change>
					<change>[Fixed] Report #005: Invite yourself</change>
					<change>[Fixed] Report #004: phpBB Debug</change>
					<change>[Fixed] Report #003: ACP: Edit Mail</change>
					<change>[Fixed] Report #002: 'Invite a friend' shown in navigation</change>
					<change>[Fixed] Report #001: Registration-keys</change>
				</changelog>
			</entry>
		</history>

		<link-group>
			<link type="language" href="languages/de.xml" lang="en">German Language</link>
			<link type="template" href="templates/subsilver2.xml" lang="en">Subsilver2</link>
			<link type="parent" href="../../../install.xml" lang="en">install.xml</link>
		</link-group>
	</header>

	<action-group>
		<copy>
			<file from="root/includes/functions_invite.php" to="includes/functions_invite.php" />
			<file from="root/includes/acp/info/acp_invite.php" to="includes/acp/info/acp_invite.php" />
			<file from="root/includes/acp/acp_invite.php" to="includes/acp/acp_invite.php" />
			<file from="root/includes/ucp/info/ucp_invite.php" to="includes/ucp/info/ucp_invite.php" />
			<file from="root/includes/ucp/ucp_invite.php" to="includes/ucp/ucp_invite.php" />
			<file from="root/adm/style/acp_invite.html" to="adm/style/acp_invite.html" />
			<file from="root/adm/style/acp_invite_log.html" to="adm/style/acp_invite_log.html" />
			<file from="root/adm/style/acp_invite_templates.html" to="adm/style/acp_invite_templates.html" />
			<file from="root/styles/prosilver/template/ucp_invite_invite.html" to="styles/prosilver/template/ucp_invite_invite.html" />
			<file from="root/language/en/mods/info_acp_invite.php" to="language/en/mods/info_acp_invite.php" />
			<file from="root/language/en/mods/info_ucp_invite.php" to="language/en/mods/info_ucp_invite.php" />
			<file from="root/language/en/email/confirm_subject.txt" to="language/en/email/confirm_subject.txt" />
			<file from="root/language/en/email/confirm_message.txt" to="language/en/email/confirm_message.txt" />
			<file from="root/language/en/email/invite_subject.txt" to="language/en/email/invite_subject.txt" />
			<file from="root/language/en/email/invite_message.txt" to="language/en/email/invite_message.txt" />
			<file from="root/install/invitation.php" to="install/invitation.php" />
			<file from="root/umil/*.*" to="umil/*.*" />
		</copy>

		<open src="memberlist.php">
			<edit>
				<find><![CDATA[		$sql_select = $sql_where_data = $sql_from = $sql_where = $order_by = '';]]></find>
				<action type="after-add"><![CDATA[		if (!class_exists('invite'))
		{
			include($phpbb_root_path . 'includes/functions_invite.' . $phpEx);
		}
		$user->add_lang('mods/info_acp_invite');

		$invitation = new invite();
		$ui 		= request_var('ui', '');
		$search_ui	= (!is_numeric($ui)) ? (int) $invitation->user_return_data(utf8_clean_string($ui), 'username_clean', 'user_id') : (int) $ui;
		$sql_where .= ($invitation->config['invite_search_allowed'] && $invitation->config['display_m_inviter'] && $search_ui) ? ' AND i.invite_user_id = ' . $search_ui : '';
		$sql_where .= ($invitation->config['invite_search_allowed'] && $invitation->config['display_m_inviter'] && $search_ui) ? ' AND i.invite_user_id <> u.user_id AND i.register_user_id = u.user_id AND i.register_key_used = 1': '';
		$sql_from .= ($invitation->config['invite_search_allowed'] && $invitation->config['display_m_inviter'] && $search_ui) ? ', ' . INVITE_LOG_TABLE . ' i ' : '';

		$sort_key_text['inviter'] = $user->lang['DISPLAY_INVITER'];
		$sort_key_sql['inviter'] = 'u.user_inviter_name';
		$sort_key_text['invite'] = $user->lang['DISPLAY_INVITE'];
		$sort_key_sql['invite'] = 'u.user_invitations';
		$sort_key_text['register'] = $user->lang['DISPLAY_REGISTER'];
		$sort_key_sql['register'] = 'u.user_registrations';
]]></action>
			</edit>
			<edit>
				<find><![CDATA[		$search_params = array('username', 'email', 'icq', 'aim', 'yahoo', 'msn', 'jabber', 'search_group_id', 'joined_select', 'active_select', 'count_select', 'joined', 'active', 'count', 'ip');]]></find>
				<inline-edit>
					<inline-find><![CDATA['ip']]></inline-find>
					<inline-action type="after-add"><![CDATA[, 'ui', 'invite', 'register']]></inline-action>
				</inline-edit>
			</edit>
			<edit>
				<find><![CDATA[			$sql_where .= ($username) ? ' AND u.username_clean ' . $db->sql_like_expression(str_replace('*', $db->any_char, utf8_clean_string($username))) : '';]]></find>
				<action type="before-add"><![CDATA[			$invite			= (request_var('invite', '') !== '') ? request_var('invite', 0) : '';
			$register		= (request_var('register', '') !== '') ? request_var('register', 0) : '';
			$invite_select	= request_var('invite_select', 'eq');
			$register_select= request_var('register_select', 'eq');

			$s_find_invite = '';
			foreach ($find_count as $key => $value)
			{
				$selected = ($invite_select == $key) ? ' selected="selected"' : '';
				$s_find_invite .= '<option value="' . $key . '"' . $selected . '>' . $value . '</option>';
			}
			$s_find_register = '';
			foreach ($find_count as $key => $value)
			{
				$selected = ($register_select == $key) ? ' selected="selected"' : '';
				$s_find_register .= '<option value="' . $key . '"' . $selected . '>' . $value . '</option>';
			}

			$sql_where .= ($invitation->config['invite_search_allowed'] && $invitation->config['display_m_invite'] && is_numeric($invite) && isset($find_key_match[$invite_select])) ? ' AND u.user_invitations ' . $find_key_match[$invite_select] . ' ' . (int) $invite . ' ' : '';
			$sql_where .= ($invitation->config['invite_search_allowed'] && $invitation->config['display_m_register'] && is_numeric($register) && isset($find_key_match[$register_select])) ? ' AND u.user_registrations ' . $find_key_match[$register_select] . ' ' . (int) $register . ' ' : '';]]></action>
			</edit>
			<edit>
				<find><![CDATA[			'first_char'	=> array('first_char', ''),]]></find>
				<action type="after-add"><![CDATA[			'ui'			=> array('ui', '', true),
			'invite'		=> (request_var('invite', '') !== '') ? array('invite', 0) : array('invite', ''),
			'register'		=> (request_var('register', '') !== '') ? array('register', 0) : array('register', ''),]]></action>
			</edit>
			<edit>
				<find><![CDATA[		$leaders_set = false;]]></find>
				<action type="after-add"><![CDATA[		if ($ui)
		{
			if (!$search_ui)
			{
				$user_list = array();
			}
			else
			{
				$ui_info = $invitation->get_profile_info('', 'memberlist', $search_ui);
			}
			$total_users = sizeof($user_list);

			$template->assign_vars(array(
				'PAGE_TITLE_INVITE_SEARCH'	=> (isset($ui_info) && $invitation->config['invite_search_allowed']) ? sprintf($user->lang['PAGE_TITLE_INVITE_SEARCH'], $ui_info['username_full']) : '',

				'S_INVITE_FILTER'			=> (isset($ui_info)) ? true : false,
				'S_ENABLE_INVITE_FILTER'	=> ($invitation->config['invite_search_allowed']) ? $invitation->config['display_m_inviter'] : false)
			);
		}
		// Calculating colspans in php files is not cricket at all and I have to find a better solution... 
		$table_colspan = array('prosilver', 'subsilver2');
		$prosilver = ($auth->acl_get('u_viewonline')) ? 5 : 4;
		$subsilver2 = (($form && $field) ? true : false) ? 9 : 8;

		foreach ($table_colspan as $k => $v)
		{
			$increase = ($k == 'prosilver') ? $prosilver : $subsilver2;
			$increase+= ($invitation->config['display_m_inviter']) ? 1 : 0;
			$increase+= ($invitation->config['display_m_invite']) ? 1 : 0;
			$increase+= ($invitation->config['display_m_register']) ? 1 : 0;

			if ($k == 'prosilver')
			{
				$prosilver = $increase;
			}
			else
			{
				$subsilver2 = $increase;
			}
		}

		$template->assign_vars(array(
			'S_TABLE_COLSPAN'			=> $prosilver,
			'S_TABLE_COLSPAN_SUBSILVER'	=> $subsilver2,

			'INVITER'					=> (isset($ui)) ? ((is_numeric($ui)) ? $invitation->user_return_data($ui, 'user_id', 'username') : $ui) : '',
			'INVITE'					=> (isset($invite)) ? $invite : '',
			'REGISTER'					=> (isset($register)) ? $register : '',
			'S_INVITE_OPTIONS'			=> (isset($s_find_invite)) ? $s_find_invite : '',
			'S_REGISTER_OPTIONS'		=> (isset($s_find_register)) ? $s_find_register : '',
			'U_SORT_INVITER'			=> ($invitation->config['display_m_inviter']) ? $sort_url . '&amp;sk=inviter&amp;sd=' . (($sort_key == 'inviter' && $sort_dir == 'a') ? 'd' : 'a') : false,
			'U_SORT_INVITE'				=> ($invitation->config['display_m_invite']) ? $sort_url . '&amp;sk=invite&amp;sd=' . (($sort_key == 'invite' && $sort_dir == 'a') ? 'd' : 'a') : false,
			'U_SORT_REGISTER'			=> ($invitation->config['display_m_register']) ? $sort_url . '&amp;sk=register&amp;sd=' . (($sort_key == 'register' && $sort_dir == 'a') ? 'd' : 'a') : false,
			'S_INVITE_SEARCH_ALLOWED'	=> $invitation->config['invite_search_allowed'])
		);]]></action>
			</edit>
			<edit>
				<find><![CDATA[				if (isset($cp_row['row']) && sizeof($cp_row['row']))]]></find>
				<action type="before-add"><![CDATA[				$memberrow = $invitation->profile_fields($memberrow, $user_id);]]></action>
			</edit>
		</open>

		<open src="includes/functions_admin.php">
			<edit>
				<find><![CDATA[		case 'invite':
			$log_type = LOG_INVITE;
			$sql_forum = '';
		break;]]></find>
				<action type="replace-with"><![CDATA[		case 'invite':
			$log_type = LOG_INVITE;
			$sql_forum = '';

			// Unfortunately we have to abuse $topic_id as $filter...
			$sql_forum .= ($topic_id == 'all') ? '' : 'AND l.log_operation LIKE "LOG_INVITE_' . strtoupper($topic_id) . '"';
			$sql_forum .= ($forum_id) ? 'AND l.user_id = ' . $forum_id : '';
		break;]]></action>
			</edit>
		</open>

		<open src="includes/ucp/ucp_register.php">
			<edit>
				<find><![CDATA[		if (!empty($register_key) && $invite->valid_key($register_key) && $invite->config['set_cookie'])
		{
			$invite->set_cookie($register_key);
		}
		$cookie_key		= (isset($_COOKIE[$config['cookie_name'] . '_reg_key'])) ? $_COOKIE[$config['cookie_name'] . '_reg_key'] : '';
		$register_key 	= (!empty($cookie_key)) ? $cookie_key : $register_key;
		$url_key 		= (!empty($register_key)) ? 'key=' . $register_key . '&amp;' : '';]]></find>
				<action type="replace-with"><![CDATA[		if ($invite->config['set_cookie'] && $invite->valid_key($register_key))
		{
			$invite->set_cookie($register_key);
		}
		$cookie_key		= (isset($_COOKIE[$config['cookie_name'] . '_reg_key'])) ? $_COOKIE[$config['cookie_name'] . '_reg_key'] : '';
		$register_key 	= (!$invite->config['enable_key']) ? '' : ((!empty($cookie_key)) ? $cookie_key : $register_key);
		$url_key 		= (!empty($register_key)) ? "&amp;key={$register_key}" : '';]]></action>
			</edit>
			<edit>
				<find><![CDATA[			$add_coppa = ($coppa !== false) ? '&amp;coppa=' . $coppa : '';]]></find>
				<action type="after-add"><![CDATA[			// Abuse $add_lang var for our registration key
			$add_lang .= $url_key;]]></action>
			</edit>
			<edit>
				<find><![CDATA[			if ($coppa === false && $config['coppa_enable'])
			{
				$now = getdate();
				$coppa_birthday = $user->format_date(mktime($now['hours'] + $user->data['user_dst'], $now['minutes'], $now['seconds'], $now['mon'], $now['mday'] - 1, $now['year'] - 13), $user->lang['DATE_FORMAT']);
				unset($now);

				$template->assign_vars(array(
					'S_LANG_OPTIONS'	=> (sizeof($lang_row) > 1) ? language_select($user_lang) : '',
					'L_COPPA_NO'		=> sprintf($user->lang['UCP_COPPA_BEFORE'], $coppa_birthday),
					'L_COPPA_YES'		=> sprintf($user->lang['UCP_COPPA_ON_AFTER'], $coppa_birthday),

					'U_COPPA_NO'		=> append_sid("{$phpbb_root_path}ucp.$phpEx", $url_key . 'mode=register&amp;coppa=0' . $add_lang),
					'U_COPPA_YES'		=> append_sid("{$phpbb_root_path}ucp.$phpEx", $url_key . 'mode=register&amp;coppa=1' . $add_lang),

					'S_SHOW_COPPA'		=> true,
					'S_HIDDEN_FIELDS'	=> build_hidden_fields($s_hidden_fields),
					'S_UCP_ACTION'		=> append_sid("{$phpbb_root_path}ucp.$phpEx", $url_key . 'mode=register' . $add_lang),
				));
			}
			else
			{
				$template->assign_vars(array(
					'S_LANG_OPTIONS'	=> (sizeof($lang_row) > 1) ? language_select($user_lang) : '',
					'L_TERMS_OF_USE'	=> sprintf($user->lang['TERMS_OF_USE_CONTENT'], $config['sitename'], generate_board_url()),

					'S_SHOW_COPPA'		=> false,
					'S_REGISTRATION'	=> true,
					'S_HIDDEN_FIELDS'	=> build_hidden_fields($s_hidden_fields),
					'S_UCP_ACTION'		=> append_sid("{$phpbb_root_path}ucp.$phpEx", $url_key . 'mode=register' . $add_lang . $add_coppa),
					)
				);
			}
			$template->assign_vars(array('REGISTER_KEY'		=> $register_key));]]></find>
				<action type="replace-with"><![CDATA[			if ($coppa === false && $config['coppa_enable'])
			{
				$now = getdate();
				$coppa_birthday = $user->format_date(mktime($now['hours'] + $user->data['user_dst'], $now['minutes'], $now['seconds'], $now['mon'], $now['mday'] - 1, $now['year'] - 13), $user->lang['DATE_FORMAT']);
				unset($now);

				$template->assign_vars(array(
					'S_LANG_OPTIONS'	=> (sizeof($lang_row) > 1) ? language_select($user_lang) : '',
					'L_COPPA_NO'		=> sprintf($user->lang['UCP_COPPA_BEFORE'], $coppa_birthday),
					'L_COPPA_YES'		=> sprintf($user->lang['UCP_COPPA_ON_AFTER'], $coppa_birthday),

					'U_COPPA_NO'		=> append_sid("{$phpbb_root_path}ucp.$phpEx", 'mode=register&amp;coppa=0' . $add_lang),
					'U_COPPA_YES'		=> append_sid("{$phpbb_root_path}ucp.$phpEx", 'mode=register&amp;coppa=1' . $add_lang),

					'S_SHOW_COPPA'		=> true,
					'S_HIDDEN_FIELDS'	=> build_hidden_fields($s_hidden_fields),
					'S_UCP_ACTION'		=> append_sid("{$phpbb_root_path}ucp.$phpEx", 'mode=register' . $add_lang),
				));
			}
			else
			{
				$template->assign_vars(array(
					'S_LANG_OPTIONS'	=> (sizeof($lang_row) > 1) ? language_select($user_lang) : '',
					'L_TERMS_OF_USE'	=> sprintf($user->lang['TERMS_OF_USE_CONTENT'], $config['sitename'], generate_board_url()),

					'S_SHOW_COPPA'		=> false,
					'S_REGISTRATION'	=> true,
					'S_HIDDEN_FIELDS'	=> build_hidden_fields($s_hidden_fields),
					'S_UCP_ACTION'		=> append_sid("{$phpbb_root_path}ucp.$phpEx", 'mode=register' . $add_lang . $add_coppa),
					)
				);
			}]]></action>
			</edit>
			<edit>
				<find><![CDATA[			// Handle keys
			if ($invite->config['enable'] && !($invite->email_is_invited($data['email'])))
			{
				if ($invite->config['enable_key'] == 1)
				{
					if (!$invite->valid_key($register_key) || empty($register_key))
					{
						$error[] 	= $user->lang['REGISTER_KEY_INVALID'];
					}
				}
				elseif ($invite->config['enable_key'] == 2)
				{
					if (!$invite->valid_key($register_key))
					{
						$error[] 	= $user->lang['REGISTER_KEY_INVALID_OPTIONAL'];
					}
				}
			}
			if ($invite->invite_yourself($register_key))
			{
				$error[] 	= $user->lang['INVITE_YOURSELF'];
			}]]></find>
				<action type="replace-with"><![CDATA[			// Handle registration keys
			if ($invite->config['enable'])
			{
				if (!$invite->valid_key($register_key) && $invite->config['enable_key'] == 1)
				{
					if ($invite->config['enable_key'] == 1)
					{
						$error[] = $user->lang['REGISTER_KEY_INVALID'];
					}
					if ($invite->config['enable_key'] == 2)
					{
						$error[] = $user->lang['REGISTER_KEY_INVALID_OPTIONAL'];
					}
				}

				// Different account activation for registration keys?
				if ($invite->config['enable_key'] && $invite->valid_key($register_key, false))
				{
					$config['require_activation'] = ($invite->config['invite_require_activation'] == 3) ? $config['require_activation'] : $invite->config['invite_require_activation'];
				}

				// Someone is trying to take the mickey out of us? I say prevent abuse!
				if ($invite->invite_yourself($register_key))
				{
					$error[] = $user->lang['INVITE_YOURSELF'];
				}
			}]]></action>
			</edit>
			<edit>
				<remove><![CDATA[				if (!empty($register_key) && $invite->valid_key($register_key, false))
				{
					if ($invite->config['invite_require_activation'] == USER_ACTIVATION_NONE)
					{
						$user_type = USER_NORMAL;
						$user_actkey = '';
						$user_inactive_reason = 0;
						$user_inactive_time = 0;
					}

					if (($invite->config['invite_require_activation'] == USER_ACTIVATION_SELF ||
						$invite->config['invite_require_activation'] == USER_ACTIVATION_ADMIN) && $config['email_enable'])
					{
						$user_actkey = gen_rand_string(10);
						$key_len = 54 - (strlen($server_url));
						$key_len = ($key_len < 6) ? 6 : $key_len;
						$user_actkey = substr($user_actkey, 0, $key_len);

						$user_type = USER_INACTIVE;
						$user_inactive_reason = INACTIVE_REGISTER;
						$user_inactive_time = time();
					}
				}]]></remove>
			</edit>
			<edit>
				<find><![CDATA[				$user_id = user_add($user_row, $cp_data);]]></find>
				<action type="before-add"><![CDATA[				$user_row['user_invitations'] = $user_row['user_registrations'] = $user_row['user_inviter_id'] = 0;
				$user_row['user_inviter_name'] = '';]]></action>
			</edit>
			<edit>
				<find><![CDATA[				else if (!empty($register_key) && $invite->valid_key($register_key, false) && $invite->config['invite_require_activation'] == USER_ACTIVATION_NONE)
				{
					$message = $user->lang['ACCOUNT_ADDED'];
					$email_template = 'user_welcome';
				}
				else if (($config['require_activation'] == USER_ACTIVATION_SELF && $config['email_enable']) ||
						(!empty($register_key) && $invite->valid_key($register_key, false) && $invite->config['invite_require_activation'] == USER_ACTIVATION_SELF && $config['email_enable']))
				{
					$message = $user->lang['ACCOUNT_INACTIVE'];
					$email_template = 'user_welcome_inactive';
				}
				else if (($config['require_activation'] == USER_ACTIVATION_ADMIN && $config['email_enable']) ||
						(!empty($register_key) && $invite->valid_key($register_key, false) && $invite->config['invite_require_activation'] == USER_ACTIVATION_ADMIN && $config['email_enable']))
				{
					$message = $user->lang['ACCOUNT_INACTIVE_ADMIN'];
					$email_template = 'admin_welcome_inactive';
				}]]></find>
				<action type="replace-with"><![CDATA[				else if ($config['require_activation'] == USER_ACTIVATION_SELF && $config['email_enable'])
				{
					$message = $user->lang['ACCOUNT_INACTIVE'];
					$email_template = 'user_welcome_inactive';
				}
				else if ($config['require_activation'] == USER_ACTIVATION_ADMIN && $config['email_enable'])
				{
					$message = $user->lang['ACCOUNT_INACTIVE_ADMIN'];
					$email_template = 'admin_welcome_inactive';
				}]]></action>
			</edit>
			<edit>
				<find><![CDATA[					if (($config['require_activation'] == USER_ACTIVATION_ADMIN) ||
						(!empty($register_key) && $invite->valid_key($register_key, false) && $invite->config['invite_require_activation'] == USER_ACTIVATION_ADMIN))]]></find>
				<action type="replace-with"><![CDATA[					if ($config['require_activation'] == USER_ACTIVATION_ADMIN)]]></action>
			</edit>
			<edit>
				<find><![CDATA[			'S_UCP_ACTION'		=> append_sid("{$phpbb_root_path}ucp.$phpEx", $url_key . 'mode=register'),

			'REGISTER_KEY'				=> $register_key,
			'S_DISPLAY_REGISTER_KEY'	=> (!empty($register_key) && $invite->valid_key($register_key) && $invite->config['autohide_valid_key']) ? false : ((!$invite->config['enable']) ? false : (($invite->config['display_registration']) ? true : false)),
			'S_ENABLE_KEY_OPTIONAL'		=> (!$invite->config['enable']) ? false : (($invite->config['enable_key'] == OPTIONAL) ? true : false),]]></find>
				<action type="replace-with"><![CDATA[			'S_UCP_ACTION'		=> append_sid("{$phpbb_root_path}ucp.$phpEx", '&amp;mode=register' . $url_key),

			'REGISTER_KEY'				=> $register_key,
			'S_REGISTER_KEY_EMPTY'		=> (empty($register_key) || !$register_key) ? true : false,
			'S_DISPLAY_REGISTER_KEY'	=> ($invite->valid_key($register_key) && $invite->config['autohide_valid_key']) ? false : (($invite->config['display_registration'] && $invite->config['enable_key']) ? true : false),
			'S_ENABLE_KEY_OPTIONAL'		=> ($invite->config['enable_key'] == OPTIONAL) ? true : false,]]></action>
			</edit>
		</open>

		<open src="styles/prosilver/template/memberlist_body.html">
			<edit>
				<find><![CDATA[		<h2 class="solo">{PAGE_TITLE}<!-- IF SEARCH_WORDS -->: <a href="{U_SEARCH_WORDS}">{SEARCH_WORDS}</a><!-- ENDIF --></h2>]]></find>
				<action type="replace-with"><![CDATA[		<h2 class="solo"><!-- IF S_ENABLE_INVITE_FILTER and S_INVITE_FILTER -->{PAGE_TITLE_INVITE_SEARCH}<!-- ELSE -->{PAGE_TITLE}<!-- ENDIF --><!-- IF SEARCH_WORDS -->: <a href="{U_SEARCH_WORDS}">{SEARCH_WORDS}</a><!-- ENDIF --></h2>]]></action>
			</edit>
			<edit>
				<find><![CDATA[			<th class="name"><span class="rank-img"><a href="{U_SORT_RANK}">{L_RANK}</a></span><a href="{U_SORT_USERNAME}"><!-- IF S_SHOW_GROUP and .memberrow -->{L_GROUP_LEADER}<!-- ELSE -->{L_USERNAME}<!-- ENDIF --></a></th>]]></find>
				<action type="after-add"><![CDATA[			<!-- IF U_SORT_INVITER --><th class="<!-- IF not U_SORT_INVITE and not U_SORT_REGISTER -->joined<!-- ELSE -->posts<!-- ENDIF -->"><a href="{U_SORT_INVITER}#memberlist">{L_DISPLAY_INVITER}</a></th><!-- ENDIF -->
			<!-- IF U_SORT_INVITE --><th class="posts" width="50"><a href="{U_SORT_INVITE}#memberlist">{L_DISPLAY_INVITE}</a></th><!-- ENDIF -->
			<!-- IF U_SORT_REGISTER --><th class="posts"><a href="{U_SORT_REGISTER}">{L_DISPLAY_REGISTER}</a></th><!-- ENDIF -->]]></action>
			</edit>
			<edit>
				<find><![CDATA[					<td colspan="<!-- IF U_SORT_ACTIVE -->5<!-- ELSE -->4<!-- ENDIF -->">&nbsp;</td>]]></find>
				<action type="replace-with"><![CDATA[					<td colspan="{S_TABLE_COLSPAN}">&nbsp;</td>]]></action>
			</edit>
			<edit>
				<find><![CDATA[		<td><!-- IF memberrow.RANK_IMG --><span class="rank-img">{memberrow.RANK_IMG}</span><!-- ELSE --><span class="rank-img">{memberrow.RANK_TITLE}</span><!-- ENDIF --><!-- IF S_IN_SEARCH_POPUP and not S_SELECT_SINGLE --><input type="checkbox" name="user" value="{memberrow.USERNAME}" /> <!-- ENDIF -->{memberrow.USERNAME_FULL}<!-- IF S_SELECT_SINGLE --><br />[&nbsp;<a href="#" onclick="insert_single('{memberrow.A_USERNAME}'); return false;">{L_SELECT}</a>&nbsp;]<!-- ENDIF --></td>]]></find>
				<action type="after-add"><![CDATA[		<!-- IF U_SORT_INVITER --><td class="<!-- IF not U_SORT_INVITE and not U_SORT_REGISTER -->joined<!-- ELSE -->posts<!-- ENDIF -->"><!-- IF memberrow.POSTER_INVITE_INVITER -->{memberrow.POSTER_INVITE_INVITER}<!-- ENDIF --></td><!-- ENDIF -->
		<!-- IF U_SORT_INVITE --><td class="posts">{memberrow.POSTER_INVITE_INVITE}</td><!-- ENDIF -->
		<!-- IF U_SORT_REGISTER --><td class="posts">{memberrow.POSTER_INVITE_REGISTER}</td><!-- ENDIF -->]]></action>
			</edit>
			<edit>
				<find><![CDATA[		<td colspan="<!-- IF S_VIEWONLINE -->5<!-- ELSE -->4<!-- ENDIF -->">{L_NO_MEMBERS}</td>]]></find>
				<action type="replace-with"><![CDATA[		<td colspan="{S_TABLE_COLSPAN}">{L_NO_MEMBERS}</td>]]></action>
			</edit>
		</open>

		<open src="styles/prosilver/template/memberlist_search.html">
			<edit>
				<find><![CDATA[	<dl>
		<dt><label for="username">{L_USERNAME}:</label></dt>
		<dd><input type="text" name="username" id="username" value="{USERNAME}" class="inputbox" /></dd>
	</dl>]]></find>
				<action type="after-add"><![CDATA[	<!-- IF S_INVITE_SEARCH_ALLOWED and U_SORT_INVITER -->
		<dl>
			<dt><label for="ui">{L_DISPLAY_INVITER}:</label></dt>
			<dd><input type="text" name="ui" id="ui" value="{INVITER}" class="inputbox" /></dd>
		</dl>
	<!-- ENDIF -->]]></action>
			</edit>
			<edit>
				<find><![CDATA[	<dl>
		<dt><label for="count">{L_POSTS}:</label></dt>
		<dd><select name="count_select">{S_COUNT_OPTIONS}</select> <input class="inputbox medium" type="text" name="count" id="count" value="{COUNT}" /></dd>
	</dl>]]></find>
				<action type="after-add"><![CDATA[	<!-- IF S_INVITE_SEARCH_ALLOWED and U_SORT_INVITE -->
		<dl>
			<dt><label for="invite">{L_DISPLAY_INVITE}:</label></dt>
			<dd><select name="invite_select">{S_INVITE_OPTIONS}</select> <input class="inputbox medium" type="text" name="invite" id="invite" value="{INVITE}" /></dd>
		</dl>
	<!-- ENDIF -->
	<!-- IF S_INVITE_SEARCH_ALLOWED and U_SORT_REGISTER -->
		<dl>
			<dt><label for="register">{L_DISPLAY_REGISTER}:</label></dt>
			<dd><select name="register_select">{S_REGISTER_OPTIONS}</select> <input class="inputbox medium" type="text" name="register" id="register" value="{REGISTER}" /></dd>
		</dl>
	<!-- ENDIF -->]]></action>
			</edit>
		</open>

		<open src="styles/prosilver/template/memberlist_view.html">
			<edit>
				<find><![CDATA[			<!-- IF S_P_DISPLAY_INVITE --><br /><dt>{L_DISPLAY_INVITE}:</dt> <dd>{POSTER_INVITE_INVITE}</dd><!-- ENDIF -->
			<!-- IF S_P_DISPLAY_REGISTER --><dt>{L_DISPLAY_REGISTER}:</dt> <dd>{POSTER_INVITE_REGISTER}</dd><!-- ENDIF -->
			<!-- IF POSTER_INVITE_NAME and S_P_DISPLAY_NAME --><dt>{L_DISPLAY_NAME}:</dt> <dd>{POSTER_INVITE_NAME}</dd><!-- ENDIF -->]]></find>
				<action type="replace-with"><![CDATA[			<!-- IF S_P_DISPLAY_INVITE -->
				<dt>{L_DISPLAY_INVITE}:</dt> <dd>{POSTER_INVITE_INVITE} <!-- IF U_USER_ADMIN --> [ <a href="{U_USER_ADMIN_INVITATIONS}">{L_USER_ADMIN_INVITATIONS}</a> ]<!-- ENDIF -->
				<!-- IF INVITATIONS_PCT --><br />({INVITATIONS_PCT} / {INVITATIONS_DAY})<!-- ENDIF --></dd>
			<!-- ENDIF -->
			<!-- IF S_P_DISPLAY_REGISTER -->
				<dt>{L_DISPLAY_REGISTER}:</dt> <dd>{POSTER_INVITE_REGISTER} <!-- IF S_DISPLAY_REGISTRATION_SEARCH -->| <strong><a href="{U_SEARCH_REGISTRATIONS}">{L_SEARCH_USER_REGISTRATIONS}</a></strong><!-- ENDIF -->
				<!-- IF U_USER_ADMIN --><!-- IF S_DISPLAY_REGISTRATION_SEARCH --><br /><!-- ENDIF -->[ <a href="{U_USER_ADMIN_REGISTRATIONS}">{L_USER_ADMIN_REGISTRATIONS}</a> ]<!-- ENDIF -->
				<!-- IF REGISTRATIONS_PCT --><br />({REGISTRATIONS_PCT} / {REGISTRATIONS_DAY} / {REGISTRATIONS_SUCCESS_RATE})<!-- ENDIF --></dd>
			<!-- ENDIF -->]]></action>
			</edit>
		</open>

		<open src="styles/prosilver/template/viewtopic_body.html">
			<edit>
				<remove><![CDATA[		<!-- IF postrow.POSTER_INVITE_NAME and S_T_DISPLAY_NAME --><dd><strong>{L_DISPLAY_NAME}:</strong> {postrow.POSTER_INVITE_NAME}</dd><!-- ENDIF -->]]></remove>
			</edit>
		</open>

		<open src="styles/prosilver/template/ucp_register.html">
			<edit>
				<find><![CDATA[<!-- IF S_DISPLAY_REGISTER_KEY -->
	<tr>
		<td class="row1"><b class="genmed">{L_REGISTER_KEY}<!-- IF S_ENABLE_KEY_OPTIONAL -->&nbsp; ({L_OPTIONAL})<!-- ENDIF -->: </b><br /><span class="gensmall">{L_REGISTER_KEY_EXPLAIN}</span></td>
		<td class="row2"><input class="post" type="text" name="key" size="25" value="{REGISTER_KEY}" /></td>
	</tr>
<!-- ENDIF -->]]></find>
				<action type="replace-with"><![CDATA[	<!-- IF S_DISPLAY_REGISTER_KEY -->
		<dl>
			<dt><label for="key">{L_REGISTER_KEY}:<!-- IF S_ENABLE_KEY_OPTIONAL --> ({L_OPTIONAL})<!-- ENDIF --></label><br /><span>{L_REGISTER_KEY_EXPLAIN}</span></dt>
			<dd><input type="text" name="key" id="key" size="25" value="{REGISTER_KEY}" class="inputbox autowidth" title="{L_REGISTER_KEY}" /></dd>
		</dl>
	<!-- ENDIF -->]]></action>
			</edit>
			<edit>
				<find><![CDATA[		<!-- IF S_COPPA --><input type="hidden" value="{REGISTER_KEY}" name="key" class="button2" />&nbsp;<!-- ENDIF -->]]></find>
				<action type="replace-with"><![CDATA[		<!-- IF not S_REGISTER_KEY_EMPTY --><input type="hidden" value="{REGISTER_KEY}" name="key" class="button2" /><!-- ENDIF -->]]></action>
			</edit>
		</open>

		<diy-instructions lang="en">When you are done with the file changes, please run the installation file using the update function at
your_board_url/install/invitation.php

Delete the install folder afterwards, go to your Administrator Control Panel
and be sure that the settings and permissions added during the installation are as you would like them.

Have fun.


Note:
You might want to update your templates for subsilver2 style or the one of the language packages as well.
Related instructions are included in the templates or languages folder if not carried out yet.</diy-instructions>
	</action-group>
</mod>